System_nr	System_name	Gene	UCSC_Transcript	Nucleotide_change_UCSC_tr	AA_change	Assoc_alleles	Assoc_antigen_or_pheno	hg19_chrom	hg19_pos	b38_chrom	b38_pos	Read_depth_1000G	dbsnp_or_dbvar_id	Interpr_ref	Interpr_alt	SP_EA	SP_AM	SP_AF	SP_EU	SP_SA	Pred_Poly2	Pred_SIFT	Pred_MT	Pred_MA	Pred_conseq	Ref	Alt	tabix_b37	tabix_b38
3	P1Pk	A4GALT	uc003bdb.3	109A>G	Met37Val	A4GALT*01/A4GALT*02	P1+/-,Pk+	22	43089849	22	42693843	12771	rs11541159	T=functional enzyme	C= functional enzyme	0.131900	0.341500	0.583000	0.382700	0.336400	B,B	T	P	Neutral	Missense	T	C	22:43089849-43089849	22:42693843-42693843
5	LU	BCAM	uc002ozu.4	230G>A	Arg77His	LU*01/LU*02, can be inferred in other alleles by the first 2 digits after "LU*" nomenclature	Lua/Lub	19	45315445	19	44812188	13249  	 rs28399653	G=Lub	A=Lua	0.000000	0.021600	0.029500	0.028800	0.001000	B,B	D	D	Medium	Missense	G	A	19:45315445-45315445	19:44812188-44812188
5	LU	BCAM	uc002ozu.4	326G>A	Arg109His	LU*02.-05	Lu5	19	45315541	19	44812284	14269  	 rs114801603	G=Lu5	A=LU:-5	0.000000	0.000000	0.002300	0.000000	0.000000	D,D	T	N	Medium	Missense	G	A	19:45315541-45315541	19:44812284-44812284
5	LU	BCAM	uc002ozu.4	824C>T	Ser275Phe	LU*02.09	Lu6/Lu9	19	45317448	19	44814191	17781	rs139610351	C=Lu6	T=Lu9	0.000000	0.000000	0.000000	0.001000	0.007200‡	D,D	D	D	Neutral	Missense	C	T	19:45317448-45317448	19:44814191-44814191
5	LU	BCAM	uc002ozu.4	611T>A	Met204Lys	LU*02.14, LU*02.19.14	Lu8/Lu14	19	45316704	19	44813447	13528	rs28399656	T=Lu8	A=Lu14	0.000000	0.004300	0.000000	0.011900	0.000000	B,B	D	D	Medium	Missense	T	A	19:45316704-45316704	19:44813447-44813447
5	LU	BCAM	uc002ozu.4	679C>T	Arg227Cys	LU*01.-16	Lu16	19	45316772	19	44813515	13634	rs150474390	C=Lu16	T=LU:-16	0.000000	0.000000	0.006800	0.000000	0.000000	B,D	T	N	Low	Missense	C	T	19:45316772-45316772	19:44813515-44813515
5	LU	BCAM	uc002ozu.4	1615A>G	Thr539Ala	LU*01.19, LU*02.19, LU*02.19.14	Lu18/Lu19 (Aua/Aub)	19	45322744	19	44819487	15269	rs1135062	A=Lu18	G=Lu19	0.113100	0.230500	0.434900	0.300200	0.207600	B,B	T	P	Neutral	Missense	A	G	19:45322744-45322744	19:44819487-44819487
5	LU	BCAM	uc002ozu.4	223C>T	Arg75Cys	LU*02.-22	Lu22 (LURC)	19	45315438	19	44812181	13103	rs570194003	C=Lu22	T=LU:-22	0.002000‡	0.000000	0.000000	0.000000	0.000000	D,D	T	D	Neutral	Missense	C	T	19:45315438-45315438	19:44812181-44812181
5	LU	BCAM	uc002ozu.4	1495C>T	Arg499Trp	LU*02.-26	Lu26 (LUBI)	19	45322624	19	44819367	15785	rs148391498	C=Lu26	T=LU:-26	0.000000	0.000000	0.000000	0.003000 	0.009200‡	P,D	D	N	Medium	Missense	C	T	19:45322624-45322624	19:44819367-44819367
6	KEL	KEL	uc003wcb.3	578C>T	Thr193Met	KEL*01.01/KEL*02, other antigenic, null, and mod KEL alleles are reported on KEL*02 backbone	K/k	7	142655008	7	142957921	19269	rs8176058	G=k	A=K	0.000000	0.021600	0.002300	0.037800	0.006100	B,D	D	N	Medium	Missense	G	A	7:142655008-142655008	7:142957921-142957921
6	KEL	KEL	uc003wcb.3	841C>T	Arg281Trp	KEL*02.03	Kpa/Kpb	7	142651354	7	142954267	20255	rs8176059	G=Kpb	A=Kpa	0.000000	0.015900	0.001500	0.011900	0.001000	P,D	D	N	Low	Missense	G	A	7:142651354-142651354	7:142954267-142954267
6	KEL	KEL	uc003wcb.3	1790T>C	Leu597Pro	KEL*02.06	Jsa/Jsb	7	142640113	7	142943026	20890	rs8176038	A=Jsb	G=Jsa	0.000000	0.008600	0.099100	0.000000	0.000000	B,B	T	N	Neutral	Missense	A	G	7:142640113-142640113	7:142943026-142943026
6	KEL	KEL	uc003wcb.3	1481A>T	Glu494Val	KEL*02.10	Ula (K10)	7	142641420	7	142944333	19991	rs61729032	T	A=Ula	0.007900	0.000000	0.000000	0.003000 	0.000000	B,P	T	D	Medium	Missense	T	A	7:142641420-142641420	7:142944333-142944333
6	KEL	KEL	uc003wcb.3	905T>C	Val302Ala	KEL*02.17	K11/K17(Wka)	7	142651290	7	142954203	16849	rs61729034	A=KEL11	G=KEL17	0.000000	0.000000	0.000000	0.001000 	0.000000	B,B	D	N	Medium	Missense	A	G	7:142651290-142651290	7:142954203-142954203
6	KEL	KEL	uc003wcb.3	388C>T	Arg130Trp	KEL*02.-18.1	K18	7	142658027	7	142960940	19594	rs184131044	G= KEL18	A=KEL:-18	0.002000‡	0.000000	0.000000	0.000000	0.002000‡	B,B	D	N	Low	Missense	G	A	7:142658027-142658027	7:142960940-142960940
6	KEL	KEL	uc003wcb.3	389G>A	Arg130Gln	KEL*02.-18.2	K18 	7	142658026	7	142960939	19818	rs201110152	C=KEL18	T=KEL:-18	0.000000	0.001400	0.000000	0.000000	0.001000 	B,P	T	N	Low	Missense	C	T	7:142658026-142658026	7:142960939-142960939
6	KEL	KEL	uc003wcb.3	1475G>A	Arg492Gln	KEL*02.-19	K19	7	142641426	7	142944339	19815	rs61729035	C=KEL19	T=KEL:-19	0.000000	0.000000	0.004500	0.000000	0.000000	B,B	T	N	Low	Missense	C	T	7:142641426-142641426	7:142944339-142944339
6	KEL	KEL	uc003wcb.3	1217G>A	Arg406Gln	KEL*02.-26	TOU (KEL26)	7	142643391	7	142946304	18834	rs61729041	C=KEL26	T=KEL:-26	0.000000	0.000000	0.000000	0.000000	0.001000‡	D,D	T	N	Medium	Missense	C	T	7:142643391-142643391	7:142946304-142946304
6	KEL	KEL	uc003wcb.3	913G>A	Asp305Asn	KEL*02.-30	KTIM (KEL30)	7	142651282	7	142954195	17143	rs61729044	C=KEL30	T= KEL:-30	0.000000	0.000000	0.002300‡	0.000000	0.000000	B,P	T	N	Low	Missense	C	T	7:142651282-142651282	7:142954195-142954195
6	KEL	KEL	uc003wcb.3	875G>A	Arg292Gln	KEL*02.31	KYO (KEL31)/KEL38	7	142651320	7	142954233	18435	rs201698610	C=KEL38	T=KEL31	0.003000	0.000000	0.000000	0.000000	0.000000	B,P	T	N	Low	Missense	C	T	7:142651320-142651320	7:142954233-142954233
6	KEL	KEL	uc003wcb.3	1391T>C	Thr464Ile	KEL*02.36	KETI (KEL36)	7	142641752	7	142944665	20138	rs190890637	G=KEL36	A=KEL:-36	0.000000	0.001400 	0.000000	0.001000	0.000000	B,B	D	N	Medium	Missense	G	A	7:142641752-142641752	7:142944665-142944665
6	KEL	KEL	uc003wcb.3	877C>T	Arg293Trp	KEL*02.-37	KHUL(KEL37)	7	142651318	7	142954231	20138	rs557358978	G=KEL37	A=KEL:-37	0.000000	0.000000	0.000000	0.000000	0.001000	P,D	D	N	Medium	Missense	G	A	7:142651318-142651318	7:142954231-142954231
6	KEL	KEL	uc003wcb.3	924+1g>t	-	KEL*02N.13	Kell null	7	142651270	7	142954183	17932	rs568600999	C= wild-type	A= alternative splicing, null allele	0.000000	0.000000	0.000000	0.000000	0.001000 	N/A	N/A	D	N/A	Splice donor variant	C	A	7:142651270-142651270	7:142954183-142954183
6	KEL	KEL	uc003wcb.3	1719C>T	Gly573Gly	KEL*02M.05	Kmod	7	142640415	7	142943328	18992	rs145850557	G	A=weak	0.000000	0.002900	0.000000	0.000000	0.000000	N/A	T	D	N/A	Synonymous	G	A	7:142640415-142640415	7:142943328-142943328
7	LE	FUT3	uc002mdj.2	59T>G	Leu20Arg	N/A	Le(a-b-)	19	5844792	19	5844781	15473	rs28362459	A= functional enzyme	C=present in many Lewis-negative alleles. In isolation results in Le(a-b-) red cells, but Lewis-positive secretions	0.295600	0.270900	0.337400	0.098400	0.240300	D,D	T	N	Medium	Missense	A	C	19:5844792-5844792	19:5844781-5844781
7	LE	FUT3	uc002mdj.2	202T>C	Trp68Arg	N/A	Le(a-b-)	19	5844649	19	5844638	11869	rs812936	G = functinal enzyme	A= present in Lewis-negative alleles.  Transfection experiments suggest almost complete loss of enzymatic activity in isolation.	0.969200	0.860200	0.895600	0.811100	0.859900	B,B	T	P	N/A	Missense	G	A	19:5844649-5844649	19:5844638-5844638
7	LE	FUT3	uc002mdj.2	304C>A	Gln102Lys	N/A	Lewis positive	19	5844547	19	5844536	15902	rs59796499	G = functional enzyme	T = functional enzyme	0.000000 	0.000000 	0.002300	0.001000	0.000000	B,B	T	N	Neutral	Missense	G	T	19:5844547-5844547	19:5844536-5844536
7	LE	FUT3	uc002mdj.2	478C>T	Arg160Cys	N/A	Lewis positive	19	5844373	19	5844362	14301	rs28362462	G = functional enzyme	A = functional enzyme	0.000000 	0.000000 	0.001500	0.000000 	0.000000	D,D	D	D	High	Missense	G	A	19:5844373-5844373	19:5844362-5844362
7	LE	FUT3	uc002mdj.2	1067T>A	Ile356Lys	N/A	Le(a-b-)	19	5843784	19	5843773	17784	rs3894326	A=functional enzyme	T = present in Lewis-negative alleles.  Transfection experiments suggest loss of enzymatic activity in isolation.	0.147800	0.050400	0.040800	0.072600	0.174800	D,D	D	D	Medium	Missense	A	T	19:5843784-5843784	19:5843773-5843773
7	LE	FUT7	uc004ckq.2	328G>A	Arg110Gln	N/A	Decreased Slex in PMNs	9	139925862	9	137031410	11800	rs545570871	C	T=Lower Slex in PMNs	0.000000 	0.000000 	0.000000 	0.002000  	0.000000	D,D	D	D	High	Missense	C	T	9:139925862-139925862	9:137031410-137031410
8	FY	ACKR1	uc001fto.3	125A>G	Asp42Gly	FY*01/FY*02, can be inferred in weak and null alleles by the first 2 digits after "FY*" nomenclature	Fya/Fyb	1	159175354	1	159205564	20455	rs12075	G=Fya	A=Fyb	0.077400	0.538900	0.981100	0.602400	0.359900	B,B	T	P	Neutral	Missense	G	A	1:159175354-159175354	1:159205564-159205564
8	FY	ACKR1	uc001fto.3	-67T>C	-	FY*01N.01, FY*02N.01 	No expression (GATA box mutation)	1	159174683	1	159204893	16337	rs2814778	T=expression	C= null	0.000000	0.077800	0.963700	0.006000	0.000000	N/A	N/A	P	N/A	5'UTR variant	T	C	1:159174683-159174683	1:159204893-159204893
8	FY	ACKR1	uc001fto.3	395G>A	Gly132Asp	FY*01N.06	Fy(a-b-)	1	159175624	1	159205834	20330	rs530992295	G	A=null	0.000000	0.000000	0.000000	0.000000	0.002000	B,B	T	D	Low	Missense	G	A	1:159175624-159175624	1:159205834-159205834
8	FY	ACKR1	uc001fto.3	265C>T	Arg89Cys	FY*01W.01, FY*01W.02, FY*02W.01, FY*02W.02 	FYX/FYmod (Arg89Cys)	1	159175494	1	159205704	21916	rs34599082	C	T=Fy*X	0.001000	0.007200	0.000000	0.012900	0.004100	P,D	T	N	Neutral	Missense	C	T	1:159175494-159175494	1:159205704-159205704
9	JK	SLC14A1	uc002lbf.4	838A>G	Asn280Asp	JK*01/JK*02, can be inferred in weak and null alleles by the first 2 digits after "JK*" nomenclature	Jka/Jkb	18	43319519	18	45739554	21202	rs1058396	G=Jka	A=Jkb	0.525800	0.518700	0.227700	0.501000	0.371200	B,B	T	P	Neutral	Missense	G	A	18:43319519-43319519	18:45739554-45739554
9	JK	SLC14A1	uc002lbf.4	342-1g>a	-	JK*01.N06, JK*02N.01	JK null	18	43314238	18	45734273	17559	rs78937798	G	A=null	0.005000	0.000000	0.000000	0.000000	0.000000	N/A	N/A	D	N/A	Splice acceptor variant	G	A	18:43314238-43314238	18:45734273-45734273
9	JK	SLC14A1	uc002lbf.4	871T>C	Ser291Pro	JK*02N.06	JK null	18	43319552	18	45739587	19973	rs78242949	T	C=null	0.000000	0.000000	0.000000	0.007000	0.000000	P,D	D	N	Medium	Missense	T	C	18:43319552-43319552	18:45739587-45739587
9	JK	SLC14A1	uc002lbf.4	896G>A	Gly299Glu	JK*02N.07	JK null	18	43319577	18	45739612	19291	rs538368217	G	A=null	0.003000	0.000000	0.000000	0.000000	0.000000	D,D	D	N	High	Missense	G	A	18:43319577-43319577	18:45739612-45739612
9	JK	SLC14A1	uc002lbf.4	956C>T	Thr319Met	JK*01N.04, JK*02N.08	JK null	18	43328350	18	45748385	22719	rs565898944	C	T=null	0.000000	0.000000	0.000000	0.000000	0.003100	P,D	D	D	Medium	Missense	C	T	18:43328350-43328350	18:45748385-45748385
9	JK	SLC14A1	uc002lbf.4	190G>A	Arg64Gln	Jk*02N.09	JK null	18	43311019	18	45731054	17713	rs114362217	G	A=null	0.000000 	0.000000	0.001500	0.000000	0.000000	D,D	D	N	High	Missense	G	A	18:43311019-43311019	18:45731054-45731054
9	JK	SLC14A1	uc002lbf.4	130G>A	Glu44Lys	JK*01W.01	JK weak	18	43310415	18	45730450	20018	rs2298720	G	A= weak	0.403800	0.191600	0.208800	0.078500	0.290400	B,B	T	P	Medium	Missense	G	A	18:43310415-43310415	18:45730450-45730450
9	JK	SLC14A1	uc002lbf.4	511T>C	Trp171Arg	JK*01W.02	JK weak	18	43316461	18	45736496	20524 	rs9948825	T	C=weak	0.000000	0.000000	0.022700	0.000000	0.000000	D,D	D	D	Medium	Missense	T	C	18:43316461-43316461	18:45736496-45736496
9	JK	SLC14A1	uc002lbf.4	28G>A	Val10Met	JK*01W.03	JK weak	18	43310313	18	45730348	18849 	rs113578396	G	A=weak	0.000000	0.017300	0.068800	0.004000‡	0.001000‡	B,B	T	N	Neutral	Missense	G	A	18:43310313-43310313	18:45730348-45730348
9	JK	SLC14A1	uc002lbf.4	226G>A	Val76Ile	JK*01W.04	JK weak	18	43311054	18	45731089	17867  	rs113029149	G	A=weak	0.000000	0.017300	0.086200	0.004000‡	0.001000‡	B,B	T	N	Neutral	Missense	G	A	18:43311054-43311054	18:45731089-45731089
10	DI	SLC4A1	uc002igf.4	2561C>T	Pro854Leu	DI*01/DI*02, other alleles for this gene are reported on DI*02 backbone	Dia/Dib	17	42328621	17	44251253	18234 	rs2285644	G=Dib	A = Dia	0.025800	0.051900	0.000800	0.000000	0.002000	B,P	T	D	Medium	Missense	G	A	17:42328621-42328621	17:44251253-44251253
10	DI	SLC4A1	uc002igf.4	1972G>A	Glu658Lys	DI*02.03	Wra/Wrb	17	42331949	17	44254581	17466	rs75731670	C=Wrb	T=Wra	0.000000	0.001400	0.000000	0.000000	0.000000	B,B	T	N	Neutral	Missense	C	T	17:42331949-42331949	17:44254581-44254581
10	DI	SLC4A1	uc002igf.4	1669G>A	Val557Met	DI*02.05	Wda	17	42333172	17	44255804	20472 	 rs121912743	C = Wd(a-)	T =Wd(a+)	0.000000	0.000000	0.000000	0.000000	0.001000‡	B,B	T	N	Low	Missense	C	T	17:42333172-42333172	17:44255804-44255804
11	YT	ACHE	uc003uxe.3	1057C>A	His353Asn	YT*01/YT*02	Yta/Ytb	7	100490797	7	100893176	18861  	rs1799805	G=Yta	T=Ytb	0.002000	0.037500	0.000000	0.051700	0.044000	B,B	D	N	Neutral	Missense	G	T	7:100490797-100490797	7:100893176-100893176
13	SC	ERMAP	uc001cic.1	169G>A	Gly57Arg	SC*01/SC*02, other alleles for this gene are reported on SC*01 backbone	Sc1/Sc2	1	43296522	1	42830851	18062  	rs56025238	G=Sc1	A=Sc2	0.000000	0.000000	0.000000	0.001000	0.002000‡	B,P	T	N	Low	Missense	G	A	1:43296522-43296522	1:42830851-42830851
13	SC	ERMAP	uc001cic.1	139G>A	Glu47Lys	SC*01.-05	STAR (SC5)	1	43296492	1	42830821	18269	rs56047316	G=SC5	A=SC:-5	0.000000	0.001400	0.000000	0.002000	0.000000	B,B	T	N	Low	Missense	G	A	1:43296492-43296492	1:42830821-42830821
13	SC	ERMAP	uc001cic.1	103G>A	Gly35Ser	SC*01.-07	SCAN (SC7)	1	43296456	1	42830785	18021	rs146429994	G=SC7	A=SC:-7	0.000000	0.004300	0.000000	0.006000	0.001000‡	B,B	T	N	N/A	Missense	G	A	1:43296456-43296456	1:42830785-42830785
14	DO	ART4	uc001rcl.1	793A>G	Asn265Asp	DO*01/DO*02, can be inferred in other alleles by the first 2 digits after "DO*" nomenclature	Doa/Dob§ 	12	14993439	12	14840505	19820 	rs11276	C=Dob	T=Doa	0.098200	0.374600 	0.268500	0.372800	0.385500 	B,B	T	P	N/A	Missense	C	T	12:14993439-14993439	12:14840505-14840505
14	DO	ART4	uc001rcl.1	349C>T	Thr117Ile	DO*01.-05	Joa (DO5)	12	14993882	12	14840948	20364	 rs28362798	G=Jo(a+)	A= Jo(a-)	0.000000	0.007200	0.070300	0.001000	0.000000	B,B	T	N	Neutral 	Missense	G	A	12:14993882-14993882	12:14840948-14840948
14	DO	ART4	uc001rcl.1	673T>A	Leu225Gln	DO*02.-08	DOLG (DO8)	12	14993558	12	14840624	19616	 rs532592412	A=DOLG+	T=DOLG-	0.000000	0.000000	0.000000	0.000000	0.001000	D,D	D	N	Medium	Missense	A	T	12:14993558-14993558	12:14840624-14840624
14	DO	ART4	uc001rcl.1	322G>T	Gly108Val	DO*02.-04	Hy (DO4)	12	14993909	12	14840975	20455	rs28362797	C=Hy+	A= Hy-	0.000000	0.007200	0.061300	0.000000	0.000000	B,B	T	N	Neutral	Missense	C	A	12:14993909-14993909	12:14840975-14840975
14	DO	ART4	uc001rcl.1	403C>A	Asp135Glu	DO*01.-10	DODE	12	14993827	12	14840893	20505	rs28362799	G=DODE+	T=DODE-	0.000000	0.000000	0.003800	0.000000	0.000000	B,P	T	N	Low	Missense	G	T	12:14993827-14993827	12:14840893-14840893
15	CO	AQP1	uc003tbv.2	133C>T	Ala45Val	CO*01, can be inferred in other alleles by the first 2 digits after "CO*" nomenclature	Coa/Cob	7	30951658	7	30912043	19195	rs28362692	C=Coa	T=Cob	0.000000	0.010100	0.009100 	0.033800 	0.004100	B,B	T	N	Neutral	Missense	C	T	7:30951658-30951658	7:30912043-30912043
16	LW	ICAM4	uc002mns.2	298A>G	Gln100Arg	LW*05/LW*07, can be inferred in other alleles by the first 2 digits after "LW*" nomenclature	LWa/LWb	19	10397987	19	10287311	13194 	rs77493670	A=LWa	G=LWb	0.000000	0.000000	0.000000	0.005000	0.000000	P,D	T	N	Medium	Missense	A	G	19:10397987-10397987	19:10287311-10287311
18	H	FUT1	uc002pkk.3	34C>T	Ala12Val	FUT1*01/FUT1*02, can be inferred in weak and null alleles by the first 2 digits after "FUT1*" nomenclature	H+	19	49254504	19	48751247	19836	 rs2071699	G	A = H+	0.312500	0.046100	0.000000	0.021900	0.133900	B,B	T	P	Low	Missense	G	A	19:49254504-49254504	19:48751247-48751247
18	H	FUT1	uc002pkk.3	724T>G	Leu242Arg	FUT1*01N.09	h	19	49253814	19	48750557	18909 	rs28934588	A	C = h	0.000000	0.000000	0.000000	0.000000	0.003100	D,D	D	D	Medium	Missense	A	C	19:49253814-49253814	19:48750557-48750557
18	H	FUT1	uc002pkk.3	328G>A	Ala110Thr	FUT1*01W.02	H+W	19	49254211	19	48750954	16157  	 rs56342683	C	T = H+W	0.002000	0.000000	0.000000	0.000000	0.000000	D,D	T	N	Medium	Missense	C	T	19:49254211-49254211	19:48750954-48750954
18	H	FUT1	uc002pkk.3	658C>T	Arg220Cys	FUT1*01W.09	H+W	19	49253881	19	48750624	16922 	 rs574691621	G	A=H+W	0.005000 	0.000000	0.000000	0.000000	0.000000	D,P	D	D	Medium	Missense	G	A	19:49253881-49253881	19:48750624-48750624
18	H	FUT1	uc002pkk.3	370T>G	Phe124Cys	FUT1*02W.02	H+W	19	49254168	19	48750911	15856  	 rs529462057	A	C = H+W	0.000000	0.000000	0.000000	0.000000	0.001000	D,D	D	D	Medium	Missense	A	C	19:49254168-49254168	19:48750911-48750911
18	H	FUT2	uc002pke.4	37G>A	Ala13Thr	FUT2*01/FUT2*02, , null and weak alleles for this gene are reported on FUT2*01 backbone	H+ in secretions	19	49206250	19	48702993	22240	rs532291838	G	A= H+ in secretions	0.000000	0.000000	0.000000	0.000000	0.001000‡	B,B	T	N	Low	Missense	G	A	19:49206250-49206250	19:48702993-48702993
18	H	FUT2	uc002pke.4	412C>T	Arg138Cys	FUT2*04	H+ in secretions	19	49206625	19	48703368	16728	rs1800022	C	T= H+ in secretions	0.000000	0.007200	0.000800	0.008900‡	0.000000	D,D	D	N	Medium	Missense	C	T	19:49206625-49206625	19:48703368-48703368
18	H	FUT2	uc002pke.4	514G>T	Asp172Asn	FUT2*06	H+ in secretions	19	49206727	19	48703470	17634	 rs1800025	G	A = H+ in secretions	0.000000	0.001400	0.089300	0.001000‡	0.000000	B,B	T	P	Low	Missense	G	A	19:49206727-49206727	19:48703470-48703470
18	H	FUT2	uc002pke.4	718G>A	Val240Met	FUT2*08	H+ in secretions	19	49206931	19	48703674	19504	rs385360260	G	A = H+ in secretions	0.000000 	0.000000 	0.000000 	0.000000 	0.006100	D,D	D	D	Medium	Missense	G	A	19:49206931-49206931	19:48703674-48703674
18	H	FUT2	uc002pke.4	73A>G	Ile25Val	FUT2*03.01, FUT2*03.02, FUT2*03.03	H+ in secretions	19	49206286	19	48703029	20558	rs1800021	A	G = H+ in secretions	0.000000	0.007200	0.116500	0.000000	0.000000	B,B	T	N	Neutral	Missense	A	G	19:49206286-49206286	19:48703029-48703029
18	H	FUT2	uc002pke.4	310C>T	Ala104Val	FUT2*01W.01	H+w in secretions	19	49206524	19	48703267	17396	rs149356814	C	T=H+w in secretions	0.000000 	0.001400 	0.000000 	0.001000	0.014300‡	D,D	D	D	Medium	Missense	C	T	19:49206524-49206524	19:48703267-48703267
18	H	FUT2	uc002pke.4	418A>T	Ile140Phe	FUT2*01W.02.01, FUT2*01W.02.02, FUT2*01W.02.03, FUT2*01N.01	H+w in secretions	19	49206631	19	48703374	16935	rs1047781	A	T=H+w in secretions	0.439500	0.001400	0.000000	0.000000	0.008200‡	P,D	D	P	Medium	Missense	A	T	19:49206631-49206631	19:48703374-48703374
18	H	FUT2	uc002pke.4	886G>A	Ala296Thr	FUT2*01W.03	H+w in secretions	19	49207099	19	48703842	19353	rs79097987	G	A=H+w in secretions	0.001000	0.000000 	0.000000 	0.000000 	0.001000‡	B,P	D	D	Medium	Missense	G	A	19:49207099-49207099	19:48703842-48703842
18	H	FUT2	uc002pke.4	460G>A	Trp1154Ter	FUT2*01N.02	H- in secretions	19	49206674	19	48703417	16779	rs601338	G	A = H- in sections	0.004000	0.341500	0.490900	0.441400	0.2832	N/A	N/A	P	N/A	Stop gained	G	A	19:49206674-49206674	19:48703417-48703417
18	H	FUT2	uc002pke.4	601G>A	Arg201His	FUT2*01N.03	H- in secretions	19	49206815	19	48703558	17210	rs572832908	G	A = H- in sections	0.000000	0.000000	0.000000	0.000000	0.006100‡	D,D	D	D	Medium	Missense	G	A	19:49206815-49206815	19:48703558-48703558
18	H	FUT2	uc002pke.4	604C>T	Arg202Ter	FUT2*01N.04	H- in secretions	19	49206817	19	48703560	17560	rs1800028	C	T=H- in secretions	0.004000	0.000000	0.000000	0.000000	0.000000	N/A	N/A	D	N/A	Stop gained	C	T	19:49206817-49206817	19:48703560-48703560
18	H	FUT2	uc002pke.4	661C>T	Arg221Ter	FUT2*01N.05	H- in secretions	19	49206874	19	48703617	18823	rs1800029	C	T=H- in secretions	0.002000	0.000000 	0.000000 	0.001000‡	0.000000	N/A	N/A	D	N/A	Stop gained	C	T	19:49206874-49206874	19:48703617-48703617
18	H	FUT2	uc002pke.4	691C>T	Arg231Ter	FUT2*01N.06	H- in secretions	19	49206904	19	48703647	19238	rs144566043	C	T=H- in secretions	0.000000 	0.000000 	0.003800‡	0.000000 	0.000000	N/A	N/A	D	N/A	Stop gained	C	T	19:49206904-49206904	19:48703647-48703647
18	H	FUT2	uc002pke.4	811delC	Pro271Leufs*16	FUT2*01N.11	H- in secretions	19	49207024	19	48703767	19553	rs1799761	(A)C	(A)-  = H- in secretions	0.000000	0.000000	0.018900	0.000000	0.000000	N/A	N/A	D	N/A	Frameshift variant	AC	A	19:49207024-49207024	19:48703767-48703767
18	H	FUT2	uc002pke.4	880G>A	Trp294Ter	FUT2*01N.12	H- in secretions	19	49207095	19	48703838	19424	rs1800030	G	A = H- in sections	0.015900	0.000000	0.000000	0.000000	0.000000	N/A	N/A	D	N/A	Stop gained	G	A	19:49207095-49207095	19:48703838-48703838
18	H	FUT2	uc002pke.4	901G>A	Gly301Arg	FUT2*01N.13	H- in secretions	19	49207114	19	48703857	18689	rs144269088	G	A=H- in secretions	0.000000	0.004300	0.000000	0.000000	0.004100‡	D,D	D	D	Medium	Missense	G	A	19:49207114-49207114	19:48703857-48703857
18	H	FUT2	uc002pke.4	335C>T	Pro112Leu	FUT2*01N.15	H- in secretions	19	49206548	19	48703291	17794	rs200157007	C	T=H- in secretions	0.002000	0.007200	0.000800‡	0.000000	0.183000	P,D	D	D	Medium	Missense	C	T	19:49206548-49206548	19:48703291-48703291
18	H	FUT2	uc002pke.4	445G>A	Gly149Ser	FUT2*01N.17	H- in secretions	19	49206658	19	48703401	17158	rs200543547	G	A = H- in sections	0.000000	0.000000	0.000000	0.000000	0.002000	D,D	D	D	Medium	Missense	G	A	19:49206658-49206658	19:48703401-48703401
20	GE	GYPC	uc002tnq.4	133C>T	Pro45Leu	GE*01.-10	GEPL-(GE:-10)	2	127451467	2	126693891	21069	rs139780142	C	T=GEPL-	0.000000 	0.000000 	0.000000 	0.000000 	0.001000‡	B,B	T	N	Neutral	Missense	C	T	2:127451467-127451467	2:126693891-126693891
21	CROM	CD55	uc001hfq.4	679G>C	Ala227Pro	CROM*-01	Cra	1	207504467	1	207331122	16351	rs60822373	G = Cr(a+)	C=Cr(a-)	0.000000	0.002900	0.021200	0.001000	0.000000	D,D	T	N	Neutral	Missense	G	C	1:207504467-207504467	1:207331122-207331122
21	CROM	CD55	uc001hfq.4	154G>C/T	Arg52Leu/Pro	CROM*01.03/                             CROM*-01.04	Tca/Tcb/Tcc	1	207495781	1	207322436	19653	rs28371588	G=Tca	C =Tc(a-c+); T= Tc(a-b+)	0.000000,     0.000000	0.000000,     0.000000	0.000000,     0.0227	0.001000,     0.00000	0.001000‡,      0.000000	B,B; P,D	T,T	N,N	Neutral, low	Missense	G	C	1:207495781-207495781	1:207322436-207322436
21	CROM	CD55	uc001hfq.4	245T>G	Leu82Arg	CROM*01.08	Wesb(CROM9)/Wesa(CROM8)	1	207495871	1	207322526	21080	rs147474393	T=CROM9	G=CROM8	0.000000	0.000000	0.004500	0.000000	0.000000	B,B	T	D	Low	Missense	T	G	1:207495871-207495871	1:207322526-207322526
21	CROM	CD55	uc001hfq.4	748C>T	Thr250Met	CROM*01.-10	UMC (CROM10)	1	207504537	1	207331192	15308	rs566298946	C=CROM10	T=CROM:-10	0.001000	0.000000	0.000000	0.000000	0.000000	D,D	D	D	Medium	Missense	C	T	1:207504537-207504537	1:207331192-207331192
21	CROM	CD55	uc001hfq.4	647C>T	Pro216Leu	CROM*01.-12	SERF(CROM12)	1	207500165	1	207326820	17181	rs144692928	C=CROM12	T=CROM:-12	0.001000	0.000000	0.000000	0.000000	0.002000‡	P,D	T	N	Medium	Missense	C	T	1:207500165-207500165	1:207326820-207326820
21	CROM	CD55	uc001hfq.4	649T>G	Leu217Trp	N/A	CRUE (CROM17)	1	207500168	1	207326823	17029	rs567156112	T=CROM17	G=CROM:-17	0.001000	0.000000	0.000000	0.000000	0.000000	D,D	T	N	High	Missense	T	G	1:207500168-207500168	1:207326823-207326823
22	KN	CR1	uc001hfy.3	4681G>A	Val1561Met	KN*01/KN*02, other alleles are reported on KN*01 backbone	Kna/Knb	1	207782769	1	207609424	18570 	rs41274768	G=Kna	A=Knb	0.002000	0.036000	0.001500	0.033800	0.003100	B,P	T	N	Medium	Missense	G	A	1:207782769-207782769	1:207609424-207609424
22	KN	CR1	uc001hfy.3	4222C>T	Thr1408Met	KN*01.-05	Yka	1	207760773	1	207587428	20146	rs3737002	C=Yk(a+)	T=Yk(a-)	0.326400	0.379000	0.044600	0.287300	0.312900	P,D	T	P	Low	Missense	C	T	1:207760773-207760773	1:207587428-207587428
22	KN	CR1	uc001hfy.3	4843A>G	Ile1615Val	KN*01.-09	KCAM	1	207782931	1	207609586	19776	rs6691117	A = KCAM+	G:KCAM- (KN:-9)	0.343300	0.376100	0.872200	0.225600	0.494900	B,B	T	P	Neutral	Missense	A	G	1:207782931-207782931	1:207609586-207609586
23	IN	CD44	uc001mvx.3	136G>C	Arg46Pro	IN*01/IN*02, other alleles are reported on IN*02 backbone	In(a+b-)	11	35198191	11	35176644	19060	rs369473842	G=Inb	C=Ina	0.000000 	0.000000 	0.000000 	0.000000 	0.016400	D,P	T	D	Medium	Missense	G	C	11:35198191-35198191	11:35176644-35176644
25	RAPH	CD151	uc001lry.3	511C>T	Arg171Cys	RAPH*-01.01	MER2 (RAPH1)	11	837514	11	837514	19180 	rs139042921	C = RAPH:1	T=RAPH:-1	0.000000	0.000000	0.000800‡	0.001000‡	0.000000	P,D	D	D	Medium	Missense	C	T	11:837514-837514	11:837514-837514
27	I	GCNT2	uc003mze.3	814C>G	Asp272Glu	GCNT*01/GCNT2*02, can be inferred in other alleles by the first 2 digits after "GCNT2*" nomenclature 	I	6	10587038	6	10586805	19332	rs539351	C= I	G=I	0.918700	1.000000	1.000000	1.000000	0.996900	B,B	T	N	Neutral	Missense	C	G	6:10587038-10587038	6:10586805-10586805
27	I	GCNT2	uc003mze.3	241T>A	Asn81Lys	GCNT2*01W.01	I+w	6	10586465	6	10586232	21066	rs201291494	T	A= I+w	0.002000	0.000000	0.000000	0.000000	0.000000	B,B	T	N	Low	Missense	T	A	6:10586465-10586465	6:10586232-10586232
27	I	GCNT2	uc003mze.3	505G>A	Ala169Thr	GCNT2*01W.02	I+w	6	10586727	6	10586494	19773	rs56106312	G	A=I+w	0.000000	0.005800	0.000800‡	0.006000  	0.001000‡	D,D	D	D	Medium	Missense	G	A	6:10586727-10586727	6:10586494-10586494
28	GLOB	B3GALNT1	uc003fea.3	376G>A	Asp126Asn	GLOB*01/GLOB*02, can be inferred in weak and null alleles by the first 2 digits after "GLOB*" nomenclature	P+	3	160804167	3	161086379	20257	rs2231257	C=P+	T=P+	0.041700	0.059100	0.003800	0.029800	0.145200	D,D	T	N	Low	Missense	C	T	3:160804167-160804167	3:161086379-161086379
28	GLOB	B3GALNT1	uc003fea.3	202C>T	Arg68Ter	GLOB*01N.01	P-	3	160804341	3	161086553	20827	rs200235398	G = P+	A = P-negative	0.000000	0.000000	0.000000	0.001000  	0.000000	N/A	N/A	D	N/A	Stop gained	G	A	3:160804341-160804341	3:161086553-161086553
30	RHAG	RHAG	uc003ozk.4	490A>C	Lys164Gln	RHAG*01.-03	DSLK (RHAG3)	6	49585783	6	49618070	18480	rs144305805	T=RHAG:3	G=RHAG:-3	0.001000‡	0.000000	0.000000	0.000000	0.000000	B,B	T	N	Neutral	Missense	T	G	6:49585783-49585783	6:49618070-49618070
30	RHAG	RHAG	uc003ozk.4	808G>A	Val270Ile	RHAG*01.04, RHAG*01N.08	RHAG4	6	49580247	6	49612534	18183	rs16879498	C=RHAG4-	T=RHAG4+	0.065500‡	0.036000	0.080900	0.018900	0.135000‡	D,P	D	D	Medium	Missense	C	T	6:49580247-49580247	6:49612534-49612534
30	RHAG	RHAG	uc003ozk.4	571G>A	Arg191Gln	RHAG*01M.10	Rhmod	6	49583405	6	49615692	17147	rs550840907	C	T= Rhmod	0.002000	0.001400 	0.000000 	0.000000 	0.000000	P,P	D	D	Medium	Missense	C	T	6:49583405-49583405	6:49615692-49615692
31	FORS	GBGT1	uc004ccw.3	58C>T	Leu20Phe	GBGT1*01N.02	FORS1	9	136037742	9	133162355	11531	rs2073924	G	A=FORS:-1	0.528800	0.295400	0.257900	0.182900	0.330300	B,B	T	P	Low	Missense	G	A	9:136037742-136037742	9:133162355-133162355
31	FORS	GBGT1	uc004ccw.3	361C>A	Tyr121Ter	GBGT1*02N	FORS1	9	136029645	9	133154258	18455 	rs35898523	G=FORS1+	T=FORS:-1	0.002000	0.041800  	0.034000  	0.081500  	0.058300 	N/A	N/A	P	N/A	Stop gained	G	T	9:136029645-136029645	9:133154258-133154258
32	JR	ABCG2	uc003hrg.3	34G>A	Val12Met	ABCG2*01N.02.02, ABCG2*01N.06, ABCG2*01N.13	Jr(a-)	4	89061114	4	88139962	19663	rs2231137	C	T=Jr(a-)	0.326400  	0.237800	0.062800‡	0.060600	0.154400	B,B	T	P	Neutral	Missense	C	T	4:89061114-89061114	4:88139962-88139962
32	JR	ABCG2	uc003hrg.3	376C>T	Gln126Ter	ABCG2*01N.01	Jr(a-)	4	89052957	4	88131805	19164	rs72552713	G	A = Jr(a-)	0.006000  	0.000000	0.000000	0.000000	0.000000	N/A	N/A	D	N/A	Stop gained	G	A	4:89052957-89052957	4:88131805-88131805
32	JR	ABCG2	uc003hrg.3	706C>T	Arg236Ter	ABCG2*01N.02.01, ABCG2*01N.02.02	Jr(a-)	4	89039396	4	88118244	20066	rs140207606	G	A = Jr(a-)	0.000000	0.000000	0.000000	0.000000	0.001000 	N/A	N/A	D	N/A	Stop gained	G	A	4:89039396-89039396	4:88118244-88118244
32	JR	ABCG2	uc003hrg.3	187_197 deletion	Ile63TyrfsTer	ABCG2*01N.07	Jr(a-)	4	89060951	4	88139799	22364	rs565722112	(A)TTCGATAATAT	(A)- = Jr(a-)	0.000000	0.002900	0.000000	0.001000	0.000000	N/A	N/A	D	N/A	Frameshift variant	ATTCGATAATAT	A	4:89060951-89060951	4:88139799-88139799
32	JR	ABCG2	uc003hrg.3	421C>A	Gln141Lys	ABCG2*01W.01, ABCG2*01N.25	Jr(a+w)	4	89052323	4	88131171	22358	rs2231142	G	T=Jr(a+w)	0.290700	0.141200	0.012900‡	0.094400	0.097100	B,B	T	P	Neutral	Missense	G	T	4:89052323-89052323	4:88131171-88131171
32	JR	ABCG2	uc003hrg.3	1723C>T	Arg575Ter	ABCG2*01N.21	Jr(a-)	4	89016686	4	88095534	12060	rs548254708	G	A=Jr(a-)	0.001000	0.000000 	0.000000 	0.000000 	0.000000	N/A	N/A	D	N/A	Stop gained	G	A	4:89016686-89016686	4:88095534-88095534
32	JR	ABCG2	uc003hrg.3	1858G>A	Asp620Asn	ABCG2*01W.02	Jr(a+w)	4	89013496	4	49612534	18511	rs34783571	C	T=Jr(a+w)	0.000000 	0.001400	0.000000 	0.004000	0.012300‡	B,B	T	N	Low	Missense	C	T	4:89013496-89013496	4:49612534-49612534
33	LAN	ABCB6 	uc002vkc.2	715G>A	Trp239Ter	ABCB6*01N.02 	Lan-	2	220081525	2	219216803	19036	rs148458820	C	T=Lan-	0.000000	0.000000	0.000000	0.001000	0.000000	N/A	N/A	D	N/A	Stop gained	C	T	2:220081525-220081525	2:219216803-219216803
33	LAN	ABCB6 	uc002vkc.2	574C>T	Arg192Trp	ABCB6*01N.13	Lan-	2	220082505	2	219217783	17207	rs149202834	G	A=Lan-	0.000000	0.000000	0.000800  	0.002000  	0.000000	D,D	D	D	Medium	Missense	G	A	2:220082505-220082505	2:219217783-219217783
33	LAN	ABCB6 	uc002vkc.2	826C>T	Arg276Trp	ABCB6*01W.01	Lan+w	2	220081416	2	219216694	18760	rs57467915	G	A= Lan+w	0.000000 	0.002900	0.008000	0.014900	0.001000‡	D,D	D	D	Medium	Missense	G	A	2:220081416-220081416	2:219216694-219216694
33	LAN	ABCB6 	uc002vkc.2	1027G>A	Arg343Gln	ABCB6*01W.02	Lan+w	2	220080845	2	21921612	15872	rs60322991	C	T=Lan+w	0.001000‡	0.020200	0.172500	0.000000 	0.002000‡	P,P	D	P	Medium	Missense	C	T	2:220080845-220080845	2:21921612-21921612
33	LAN	ABCB6 	uc002vkc.2	1762G>A	Gly588Ser	ABCB6*01W.03	Lan+w	2	220078006	2	219213284	23127	rs145526996	C	T=Lan+w	0.000000 	0.002900	0.000800	0.004000	0.000000	D,D	D	D	Low	Missense	C	T	2:220078006-220078006	2:219213284-219213284
33	LAN	ABCB6 	uc002vkc.2	2215G>A	Arg739His	ABCB6*01W.04	Lan+w	2	220075473	2	219210751	17120	rs192931087	C	T=Lan+w	0.000000 	0.001400	0.000000 	0.000000 	0.000000	D,D	D	D	High	Missense	C	T	2:220075473-220075473	2:219210751-219210751
33	LAN	ABCB6 	uc002vkc.2	403C>A	Arg135Ser	ABCB6*01W.07	Lan+w	2	220082993	2	219218271	15595	rs202232534	G	T=Lan+w	0.004000	0.000000 	0.000000 	0.000000 	0.000000	B,B	T	D	Neutral	Missense	G	T	2:220082993-220082993	2:219218271-219218271
36	AUG	SLC29A1	uc003owu.1	1171G>A	Glu391Lys	AUG*01/AUG*02, one null allele reported on AUG*01 backbone	At(a+)/At(a-)	6	44200655	6	44232918	19556	rs45458701	G=At(a+)	A=At(a-)	0.000000	0.000000	0.012100	0.000000	0.000000	B,B	T	N	Neutral	Missense	G	A	6:44200655-44200655	6:44232918-44232918
na	na	KLF1	uc002mvo.3	304C>T	Ser102Pro	KLF1*BGM12 (now obsolete), KLF1*BGM15, KLF1*BGM16	Wild-type	19	12996740	19	12885926	10269	rs2072597	A	G=wild-type if present in isolation, associated with In(Lu) variants in cis	0.611100	0.341500	0.440020	0.318100	0.480600	B,B	T	N	Neutral	Missense	A	G	19:12996740-12996740	19:12885926-12885926
na	na	KLF1	uc002mvo.3	519_525dupCGGCGCC	Gly176ArgfsX179	KLF1*BGM34	In(Lu)	19	12996518	19	12885704	10905	 rs483352838	(C )-	(C )GGCGCCG	0.002000	0.000000	0.000000	0.000000	0.000000	N/A	N/A	D	N/A	Frameshift variant	C	CGGCGCCG	19:12996518-12996518	19:12885704-12885704
